data,hash
,e3b0c44298fc1c149afbf4c8996fb92427ae41e4649b934ca495991b7852b855
c1,d1bbd73bb09190bfb883056771e22e997541ed20079793bf33975fe1654581c3
4ff0,e539b61f7dd9182cdba32593a9931c407ae3b7900277705599532a20b233d935
300258,3beb23a74c3ca0e802dc78b2c353a4d57cb9d5ef8506532b8a2597ec5a18338b
a8f7dd13,8a6b7814c58509e74350ccab024de797880a99a51f498534eba260bac0763211
790fa312a2,3d8d770369837f4796cdcf09ff59fed862ab294f14d78ec3355dfbc67608922f
fe41d9a8e4cc,92085165812a337f9384ed949a55dff654cb71e8406efd19aa20a143beeeeb90
71f42858ffe6fe,8e13427d4e26c4f5f3d1182a604df493cf5bb740043961d56c16428138162fd9
72d67e1db67416dd,3a1af1182ed6c40275c2a3fdc99c1be16301f987ce50fff6e31fdf224c29997c
4f54dd1d702f77ebdc,1db655b6adea1fd40afec5d65dd8bfd51f22a708bd20bd0999665000ccd2d897
bdf11fa1e4dd354f6655,d636e7652020501bd1931e2b6418dc3ce5d4918ad760bea0b83094417bee138e
4e9fea9ad3453c6f282fc9,e8747fd62b19eef4c8e211cb735ba79da04823b822f5aa8abd951937bac39489
f32b0f00e85afc37338c8747,b58dfdc7f232cf50df49b8386b6cf74b62fa2af8e7052e126671106aac087b53
ca83fff2daaaca715caa5586fd,790a5e862873d9413a9eccf9a59664c4b0bcadb5d09c94ec4e9dc0f2e480201d
2babedd5adcde35d05843285fd2e,ac1942337d8d008a20b6f1236b94bcd72e33d1b63a8f60270d2111366329ec8a
0d98ecba636b396ccb9f287c7cc5ec,8d93feaf112bfff1efa33d6cdb1f3c1d2db1ecef998443e406ee2e1e95261188
2d6f5e20dd36dcd9f61e5083b086c493,b793f3a47f5efc0504c79aa1f5afffcb0ea582bbb947412e3c393b5f3323d680
5a2408fca7d8d89c7b5e671076e26177aa,e70971e5e1b676c406ba456328fb71a383e109bce5131cfdaccacfc6b2e3d4e2
a3beff4ed71c9a6df22cad388c2b17531966,bad754277adba3292807df0374f637809a88a82cff88a45c189154eef3538b71
c6df5a078f4423d0f60fbbec6e248c3bdd0a7d,ed1ebf407ac9eb4cc381ec7707a3da35cf7b6cbe12f8677d1d54112a8e26141d
