data,padded
,00000000000000000000000000000010
f3,f300000000000000000000000000000f
f200,f200000000000000000000000000000e
c9afce,c9afce0000000000000000000000000d
872b2bb3,872b2bb300000000000000000000000c
f72ac31d77,f72ac31d77000000000000000000000b
9fa462f06bc6,9fa462f06bc60000000000000000000a
256c4f652188bf,256c4f652188bf000000000000000009
b952d709c6e8053b,b952d709c6e8053b0000000000000008
a8dbeac819687ad966,a8dbeac819687ad96600000000000007
14d9a11746d97aa15393,14d9a11746d97aa15393000000000006
a61d283a44777f7ec3253b,a61d283a44777f7ec3253b0000000005
82b8705495d3e55ede46dd03,82b8705495d3e55ede46dd0300000004
2ed6f54687c5bdbf30ea16c99a,2ed6f54687c5bdbf30ea16c99a000003
d1ed141bd9e0a46f6b4de08f384b,d1ed141bd9e0a46f6b4de08f384b0002
9df9a680b3a6f5233c3e7b3a6a4a2f,9df9a680b3a6f5233c3e7b3a6a4a2f01
de542f415642729a09ca4d017a55411a,de542f415642729a09ca4d017a55411a00000000000000000000000000000010
2b68128ed16983698672dcdd59debd3180,2b68128ed16983698672dcdd59debd318000000000000000000000000000000f
ef76140478d5ec47fbb851be855e9c418a8c,ef76140478d5ec47fbb851be855e9c418a8c000000000000000000000000000e
a835b2e49c358463f3e7d7f7cdcefb194f18d4,a835b2e49c358463f3e7d7f7cdcefb194f18d40000000000000000000000000d
e762a44926ab44757f3c566af6c95bb2a83ac082,e762a44926ab44757f3c566af6c95bb2a83ac08200000000000000000000000c
92e89c064fb4391d0c6bf0dd67cf7b42eb18906f83,92e89c064fb4391d0c6bf0dd67cf7b42eb18906f83000000000000000000000b
17a8c5ef6fbb7a47b9b8ca1cabe063fd8fedcd18377a,17a8c5ef6fbb7a47b9b8ca1cabe063fd8fedcd18377a0000000000000000000a
7ec97d2eb18637d77aa34e430da5d552a7fac85642e44c,7ec97d2eb18637d77aa34e430da5d552a7fac85642e44c000000000000000009
86f921c5a56049854ea864b49f6ac0d23f47c3c3cd224ffd,86f921c5a56049854ea864b49f6ac0d23f47c3c3cd224ffd0000000000000008
a6c7b03b8ce6850fbb01f287112256388668e83b6712616278,a6c7b03b8ce6850fbb01f287112256388668e83b671261627800000000000007
7ab7ed47e046288fd672ea39d04d11a1eb94fe28f6e5504ad4f3,7ab7ed47e046288fd672ea39d04d11a1eb94fe28f6e5504ad4f3000000000006
03c1a132cae3056baaeb226ee10c70304102df54a561e533466737,03c1a132cae3056baaeb226ee10c70304102df54a561e5334667370000000005
299270c0b75f9bc7346c6a0be5433035cfb28680c21589be8d9dba17,299270c0b75f9bc7346c6a0be5433035cfb28680c21589be8d9dba1700000004
f1ca1c23f47b59960beb99bcf67bf3a591c3f2f8f7958b0d770a49c856,f1ca1c23f47b59960beb99bcf67bf3a591c3f2f8f7958b0d770a49c856000003
901e612f5bfb49ce74d42b15d10895c7a77c5159e7fb3093b36b5f0a227d,901e612f5bfb49ce74d42b15d10895c7a77c5159e7fb3093b36b5f0a227d0002
a96013e13678396dc5b91096cff9acb162b5f8b8a4c5940c32a85a5b39eb1d,a96013e13678396dc5b91096cff9acb162b5f8b8a4c5940c32a85a5b39eb1d01
05d5704d429beb1baf3a58824e3ea6db17f12ccb3e087f1781001783a0b997c0,05d5704d429beb1baf3a58824e3ea6db17f12ccb3e087f1781001783a0b997c000000000000000000000000000000010
1be79348ec9121d760222eb7216b8c478287d5df7f6de069f342f2d147e9a2b27b,1be79348ec9121d760222eb7216b8c478287d5df7f6de069f342f2d147e9a2b27b00000000000000000000000000000f
e5b9d5e222990839c682b760c5dcfbc822cc83c7fb69b1c5cd34b101e3a8da630a50,e5b9d5e222990839c682b760c5dcfbc822cc83c7fb69b1c5cd34b101e3a8da630a50000000000000000000000000000e
dd39c3c68183d84518e584fe92601e6248ae3ba1186bd6ccf783803e56122735fe24e2,dd39c3c68183d84518e584fe92601e6248ae3ba1186bd6ccf783803e56122735fe24e20000000000000000000000000d
fdcafa4d0c14b306f3f5054e53653217479627f60018f1af8b4ca1b72f828d0b28596a46,fdcafa4d0c14b306f3f5054e53653217479627f60018f1af8b4ca1b72f828d0b28596a4600000000000000000000000c
2fb5bb8ddfa85ff7e328c58cd43d821298157187786d8fab0bad84650dfe8df12c4714702d,2fb5bb8ddfa85ff7e328c58cd43d821298157187786d8fab0bad84650dfe8df12c4714702d000000000000000000000b
e5a6cf021b0a94c51c0607377642cb3d3bf13c60d32568205cfd528e151beb4fcec3027b1d99,e5a6cf021b0a94c51c0607377642cb3d3bf13c60d32568205cfd528e151beb4fcec3027b1d990000000000000000000a
a5554c616ebc9b7a17571089c1e1b72df534c012ed44372c523630b52fc5854445d02310b6df84,a5554c616ebc9b7a17571089c1e1b72df534c012ed44372c523630b52fc5854445d02310b6df84000000000000000009
352720e41b9cf0f18074454e987d452b12e91dfeb08a27fc9aa009acac94c1a66db6ec55ded05cb8,352720e41b9cf0f18074454e987d452b12e91dfeb08a27fc9aa009acac94c1a66db6ec55ded05cb80000000000000008
7084b9ac96b387fab4e5d52015a9bbc6114f6342a9d58500066b4216d38dc3329c9d332d766d3176f8,7084b9ac96b387fab4e5d52015a9bbc6114f6342a9d58500066b4216d38dc3329c9d332d766d3176f800000000000007
d436aac2a71ed6dd83ccdb58086160f161e6cb535c77e0b31338156ce94d5dbce4baa1ec60cd37a26fec,d436aac2a71ed6dd83ccdb58086160f161e6cb535c77e0b31338156ce94d5dbce4baa1ec60cd37a26fec000000000006
ee36e3ee83bec3272f38f648abedbcc210acf26cda24b3b5f254a94d1ef487e7245f350150bd56d61583c2,ee36e3ee83bec3272f38f648abedbcc210acf26cda24b3b5f254a94d1ef487e7245f350150bd56d61583c20000000005
9cb9f0b886d6a4361a16099f0173feea1fef2b20d2698fab04630f657437791f3af7c7d03286c097dcff75b1,9cb9f0b886d6a4361a16099f0173feea1fef2b20d2698fab04630f657437791f3af7c7d03286c097dcff75b100000004
6f04c56b3dc3cf1ef9f145696b93b9c39385b89c427418c9bac8843001dc82d07660ee2eb156f5784c12b84f2a,6f04c56b3dc3cf1ef9f145696b93b9c39385b89c427418c9bac8843001dc82d07660ee2eb156f5784c12b84f2a000003
609e21b0425557d0761b7bb6446d428d2213f0ff0f353b94d67d8700eda35377638dfcc9551e9ad7f0696c789764,609e21b0425557d0761b7bb6446d428d2213f0ff0f353b94d67d8700eda35377638dfcc9551e9ad7f0696c7897640002
258c05a94a7e3b32209c6f64d739b97fe33b330848fd4efd5bb36130658c3da3675b3e00bd404e821461524e434cae,258c05a94a7e3b32209c6f64d739b97fe33b330848fd4efd5bb36130658c3da3675b3e00bd404e821461524e434cae01
e65c0f76aa6ee702244f7b802668be8e7642863484e08c927010ce2b6e119489db9d47388f030ff6b76a141dec6eac46,e65c0f76aa6ee702244f7b802668be8e7642863484e08c927010ce2b6e119489db9d47388f030ff6b76a141dec6eac4600000000000000000000000000000010
b32148b78bfbad5041c0e49cb7b9b169942d87e2a049aa1c745ce9db60710c6988bc870abf9f8ff29cc7d190e9b17741e8,b32148b78bfbad5041c0e49cb7b9b169942d87e2a049aa1c745ce9db60710c6988bc870abf9f8ff29cc7d190e9b17741e800000000000000000000000000000f
