password,salt,key
d376e1f90da29a92,c96cd82a34c88934b2a9081070849804,020bdd777158c4c387cd9bb4dfcd4b79cfda9f62f248a3489cac79d5575fa699
04065e48a0232c10,d8e058356318ab3fde8f223b76ed447e,140757630cbada39b76f08e2ad4b9a03cd8f5abeefd81bcba7e5838e2ec0eae1
e6ec5fd629869f6f,20ce8fea311e23a15e5933fc825bcb46,a08f838ca46a2be1a20d0de2132e622462bb8e538fe004ecc19f958c661f9347
9f0658e275e31f06,5cbe96ff28cf0d3f6606f845ef7b3ebc,c1f2d7168b82347cd5c1f953936a0bdba3bd4543cc757b5f1c03c55bae51d5a8
ac44aef70ab08e6d,f975d7abcf7e30a86e1811b704d2818c,abdc54bf3aa823276913f9e7a7fc6428cb4671ff0889551d6077d847b19a4ac1
3ad3f778f305d3f9,13e8b7a11000cda412b80960f3e4ecf4,4495829694c105c6a9cb72e6d5c6538368fe270fa0bbc55a5e5047ee073d372b
28d3c0151d64a619,ceb290d7c57726bd76cc5600e9a43d6c,7f8816f596fb4c6559336e1a40420d7d882d5bd197a36d040d9cdf5548b6ded0
49073624976693f2,68a64785e186a4c24ede23bc06100464,032d3d518a35ff446bd75ce82ee9af32bb0d04f46658f33a9f780106e9fe77e2
6fc13a69c997ae39,60efe61d6308d11b8c502d20d72ffbe2,e9a7491a3486d7f7c5a03085a60722f1dc466362d11c530fa88270d23dd9931a
9140fb462094aabd,8b099cc630c1b1d6ad23511b525d5374,6c3d1b090e085ed5c0125609ad3b5d78e670ede991212c0655fa7f1eb8a07468
